product_id,brand,model_name,product_name,ram_gb,storage_gb,color,category,price,old_price,discount_percent
329676,Nokia,Điện thoại Nokia HMD 105 4G,Điện thoại Nokia HMD 105 4G,,,Hồng,Điện thoại,750000,750000.0,0
311033,Nokia,Điện thoại Nokia 105 4G Pro,Điện thoại Nokia 105 4G Pro,,,Đen,Điện thoại,780000,780000.0,0
311034,Nokia,Điện thoại Nokia 110 4G Pro,Điện thoại Nokia 110 4G Pro,,,Xanh,Điện thoại,850000,850000.0,0
207956,Nokia,Điện thoại Nokia 220 4G,Điện thoại Nokia 220 4G,,,Cam,Điện thoại,1100000,1100000.0,0
326477,Nokia,Điện thoại Nokia 3210 4G,Điện thoại Nokia 3210 4G,,,Đen,Điện thoại,1490000,1490000.0,0
367596,OPPO,Điện thoại OPPO A6c,Điện thoại OPPO A6c 4GB/64GB,4,64,Nâu,Điện thoại,4690000,4690000.0,0
360244,OPPO,Điện thoại OPPO A6x,Điện thoại OPPO A6x 4GB/64GB,4,64,Titan Tím,Điện thoại,4990000,4990000.0,0
361191,OPPO,Điện thoại OPPO A6t,Điện thoại OPPO A6t 4GB/64GB,4,64,Xanh,Điện thoại,4990000,4990000.0,0
341378,OPPO,Điện thoại OPPO A5,Điện thoại OPPO A5 8GB/128GB,8,128,Xanh lá,Điện thoại,6290000,6290000.0,0
370752,OPPO,Điện thoại OPPO A6,Điện thoại OPPO A6 6GB/128GB,6,128,Vàng,Điện thoại,9790000,9990000.0,0
367598,OPPO,Điện thoại OPPO A6t Pro,Điện thoại OPPO A6t Pro 8GB/128GB,8,128,Trắng,Điện thoại,9890000,10990000.0,10
344650,OPPO,Điện thoại OPPO A6 Pro,Điện thoại OPPO A6 Pro 8GB/256GB,8,256,Titan xanh,Điện thoại,9990000,9990000.0,0
343124,OPPO,Điện thoại OPPO A6 Pro 5G,Điện thoại OPPO A6 Pro 5G 8GB/256GB,8,256,Xanh Dương,Điện thoại,10490000,10990000.0,4
339177,OPPO,Điện thoại OPPO Reno14 F 5G,Điện thoại OPPO Reno14 F 5G 12GB/256GB,12,256,Hồng,Điện thoại,10590000,11290000.0,6
360240,OPPO,Điện thoại OPPO Reno15 F 5G,Điện thoại OPPO Reno15 F 5G 8GB/256GB,8,256,Xanh Dương,Điện thoại,11990000,11990000.0,0
368250,OPPO,Điện thoại OPPO Reno16F 5G,Điện thoại OPPO Reno16F 5G 8GB/128GB,8,128,Trắng,Điện thoại,12990000,14990000.0,13
332934,OPPO,Điện thoại OPPO Reno13 5G,Điện thoại OPPO Reno13 5G 12GB/256GB,12,256,Xanh Dương,Điện thoại,13200000,15700000.0,15
360238,OPPO,Điện thoại OPPO Reno15 5G,Điện thoại OPPO Reno15 5G 8GB/256GB,8,256,Xanh Dương,Điện thoại,14990000,15990000.0,6
317981,OPPO,Điện thoại OPPO Find N3 Flip 5G Hồng,Điện thoại OPPO Find N3 Flip 5G 12GB/256GB Hồng,12,256,Hồng,Điện thoại,15580000,22580000.0,31
360236,OPPO,Điện thoại OPPO Reno15 Pro 5G,Điện thoại OPPO Reno15 Pro 5G 12GB/256GB,12,256,Xanh dương nhạt,Điện thoại,17990000,18990000.0,5
368099,OPPO,Điện thoại OPPO Reno16 5G,Điện thoại OPPO Reno16 5G 8GB/256GB,8,256,Tím nhạt,Điện thoại,18590000,18990000.0,0
368101,OPPO,Điện thoại OPPO Reno16 Pro 5G,Điện thoại OPPO Reno16 Pro 5G 12GB/256GB,12,256,Đen,Điện thoại,22470000,25990000.0,13
365402,OPPO,Điện thoại OPPO Find X9s,Điện thoại OPPO Find X9s 12GB/512GB,12,512,Cam nhạt,Điện thoại,25990000,26990000.0,3
364791,OPPO,Điện thoại OPPO Find X9 Ultra,Điện thoại OPPO Find X9 Ultra 12GB/512GB,12,512,Nâu nhạt,Điện thoại,44990000,49990000.0,10
363258,OPPO,Điện thoại OPPO Find N6 5G,Điện thoại OPPO Find N6 5G 16GB/512GB,16,512,Titan xanh,Điện thoại,60990000,64990000.0,6
341802,Samsung,Điện thoại Samsung Galaxy A07,Điện thoại Samsung Galaxy A07 4GB/64GB,4,64,Đen,Điện thoại,3490000,3890000.0,10
361709,Samsung,Điện thoại Samsung Galaxy A07 5G,Điện thoại Samsung Galaxy A07 5G 4GB/128GB,4,128,Tím,Điện thoại,5090000,5090000.0,0
341797,Samsung,Điện thoại Samsung Galaxy A17,Điện thoại Samsung Galaxy A17 4GB/128GB,4,128,Xám,Điện thoại,5490000,5690000.0,3
341688,Samsung,Điện thoại Samsung Galaxy A17 5G,Điện thoại Samsung Galaxy A17 5G 8GB/128GB,8,128,Xám,Điện thoại,6190000,7090000.0,12
368045,Samsung,Điện thoại Samsung Galaxy A27,Điện thoại Samsung Galaxy A27 6GB/128GB,6,128,Xanh đen,Điện thoại,7690000,8490000.0,9
363401,Samsung,Điện thoại Samsung Galaxy A37 5G,Điện thoại Samsung Galaxy A37 5G 6GB/128GB,6,128,Trắng,Điện thoại,9990000,10290000.0,0
363398,Samsung,Điện thoại Samsung Galaxy A57 5G,Điện thoại Samsung Galaxy A57 5G 8GB/128GB,8,128,Tím,Điện thoại,10790000,12490000.0,13
342560,Samsung,Điện thoại Samsung Galaxy S25 FE 5G,Điện thoại Samsung Galaxy S25 FE 5G 8GB/128GB,8,128,Xanh dương nhạt,Điện thoại,13590000,16690000.0,18
370544,Samsung,Điện thoại Samsung Galaxy S26 FE 5G,Điện thoại Samsung Galaxy S26 FE 5G 8GB/128GB,8,128,Xanh Dương,Điện thoại,16990000,18990000.0,10
338741,Samsung,Điện thoại Samsung Galaxy Z Flip7 FE 5G,Điện thoại Samsung Galaxy Z Flip7 FE 5G 8GB/128GB,8,128,Trắng,Điện thoại,16990000,22990000.0,26
333363,Samsung,Điện thoại Samsung Galaxy S25 5G,Điện thoại Samsung Galaxy S25 5G 12GB/256GB,12,256,Xanh lá,Điện thoại,17480000,22580000.0,22
361947,Samsung,Điện thoại Samsung Galaxy S26 5G,Điện thoại Samsung Galaxy S26 5G 12GB/256GB,12,256,Xanh Dương,Điện thoại,20650000,25990000.0,20
335955,Samsung,Điện thoại Samsung Galaxy S25 Edge 5G,Điện thoại Samsung Galaxy S25 Edge 5G 12GB/512GB,12,512,Bạc,Điện thoại,20990000,35990000.0,41
361949,Samsung,Điện thoại Samsung Galaxy S26+ 5G,Điện thoại Samsung Galaxy S26+ 5G 12GB/256GB,12,256,Xanh Dương,Điện thoại,22990000,29990000.0,23
333347,Samsung,Điện thoại Samsung Galaxy S25 Ultra 5G,Điện thoại Samsung Galaxy S25 Ultra 5G 12GB/256GB,12,256,Xanh Dương,Điện thoại,26390000,33380000.0,20
361951,Samsung,Điện thoại Samsung Galaxy S26 Ultra 5G,Điện thoại Samsung Galaxy S26 Ultra 5G 12GB/256GB,12,256,Đen,Điện thoại,28990000,36990000.0,21
368053,Samsung,Điện thoại Samsung Galaxy Z Flip8 5G,Điện thoại Samsung Galaxy Z Flip8 5G 12GB/256GB,12,256,Đen,Điện thoại,29490000,31990000.0,7
338738,Samsung,Điện thoại Samsung Galaxy Z Fold7 5G,Điện thoại Samsung Galaxy Z Fold7 5G 12GB/256GB,12,256,Đen,Điện thoại,39490000,46990000.0,15
368057,Samsung,Điện thoại Samsung Galaxy Z Fold8,Điện thoại Samsung Galaxy Z Fold8 12GB/256GB,12,256,Trắng,Điện thoại,43990000,46990000.0,6
368050,Samsung,Điện thoại Samsung Galaxy Z Fold8 Ultra,Điện thoại Samsung Galaxy Z Fold8 Ultra 12GB/256GB,12,256,Tím,Điện thoại,49990000,52990000.0,5
366660,Tecno,Điện thoại Tecno Spark 40,Điện thoại Tecno Spark 40 6GB/128GB,6,128,Đen,Điện thoại,3590000,3790000.0,5
364633,Tecno,Điện thoại Tecno Spark Go 3,Điện thoại Tecno Spark Go 3 4GB/128GB,4,128,Xanh Dương,Điện thoại,3690000,3990000.0,7
367204,Tecno,Điện thoại Tecno Spark 50,Điện thoại Tecno Spark 50 4GB/128GB,4,128,Xám,Điện thoại,4690000,4990000.0,6
368231,Tecno,Điện thoại Tecno Spark 50 Pro,Điện thoại Tecno Spark 50 Pro 4GB/128GB,4,128,Xám,Điện thoại,6490000,6990000.0,7
367617,Tecno,Điện thoại Tecno Pova Curve 2 5G,Điện thoại Tecno Pova Curve 2 5G 8GB/128GB,8,128,Tím,Điện thoại,8990000,10990000.0,18
368232,Xiaomi,Điện thoại Xiaomi Redmi A7,Điện thoại Xiaomi Redmi A7 3GB/64GB,3,64,Xanh Dương,Điện thoại,3190000,3890000.0,17
365289,Xiaomi,Điện thoại Xiaomi Poco C71,Điện thoại Xiaomi Poco C71 4GB/64GB,4,64,Vàng,Điện thoại,3590000,3990000.0,10
364793,Xiaomi,Điện thoại Xiaomi Redmi A7 Pro,Điện thoại Xiaomi Redmi A7 Pro 4GB/64GB,4,64,Cam,Điện thoại,3790000,4190000.0,9
346265,Xiaomi,Điện thoại Xiaomi Redmi 15C,Điện thoại Xiaomi Redmi 15C 6GB/128GB,6,128,Đen,Điện thoại,4730000,4990000.0,5
360302,Xiaomi,Điện thoại Xiaomi Redmi Note 15,Điện thoại Xiaomi Redmi Note 15 6GB/128GB,6,128,Tím,Điện thoại,5190000,5990000.0,13
359776,Xiaomi,Điện thoại Xiaomi Redmi 15 5G,Điện thoại Xiaomi Redmi 15 5G 4GB/128GB,4,128,Xanh lá,Điện thoại,5280000,5690000.0,7
369630,Xiaomi,Điện thoại Xiaomi Redmi 17 4G,Điện thoại Xiaomi Redmi 17 4G 4GB/128GB,4,128,Đen,Điện thoại,5590000,5990000.0,6
369617,Xiaomi,Điện thoại Xiaomi Redmi Note 17 4G,Điện thoại Xiaomi Redmi Note 17 4G 4GB/128GB,4,128,Tím,Điện thoại,6490000,6990000.0,7
360310,Xiaomi,Điện thoại Xiaomi Redmi Note 15 5G,Điện thoại Xiaomi Redmi Note 15 5G 6GB/128GB,6,128,Xanh Dương,Điện thoại,6490000,7490000.0,13
360307,Xiaomi,Điện thoại Xiaomi Redmi Note 15 Pro,Điện thoại Xiaomi Redmi Note 15 Pro 8GB/256GB,8,256,Đen,Điện thoại,7890000,8990000.0,12
369620,Xiaomi,Điện thoại Xiaomi Redmi Note 17 5G,Điện thoại Xiaomi Redmi Note 17 5G 6GB/128GB,6,128,Xanh ngọc,Điện thoại,8490000,8990000.0,5
360312,Xiaomi,Điện thoại Xiaomi Redmi Note 15 Pro 5G,Điện thoại Xiaomi Redmi Note 15 Pro 5G 8GB/256GB,8,256,Tím,Điện thoại,9180000,10490000.0,12
360309,Xiaomi,Điện thoại Xiaomi Redmi Note 15 Pro+ 5G,Điện thoại Xiaomi Redmi Note 15 Pro+ 5G 12GB/256GB,12,256,Đen,Điện thoại,11380000,12990000.0,12
363470,Xiaomi,Điện thoại Xiaomi POCO X8 Pro 5G,Điện thoại Xiaomi POCO X8 Pro 5G 8GB/256GB,8,256,Xanh lá,Điện thoại,11490000,11990000.0,4
344644,Xiaomi,Điện thoại Xiaomi 15T 5G,Điện thoại Xiaomi 15T 5G 12GB/256GB,12,256,Đen,Điện thoại,11580000,13990000.0,17
369626,Xiaomi,Điện thoại Xiaomi Redmi Note 17 Pro 5G,Điện thoại Xiaomi Redmi Note 17 Pro 5G 12GB/256GB,12,256,Xanh Dương,Điện thoại,11990000,13490000.0,11
369628,Xiaomi,Điện thoại Xiaomi Redmi Note 17 Pro Max 5G,Điện thoại Xiaomi Redmi Note 17 Pro Max 5G 12GB/256GB,12,256,Tím,Điện thoại,14990000,16990000.0,11
367002,Xiaomi,Điện thoại Xiaomi 17T 5G,Điện thoại Xiaomi 17T 5G 12GB/256GB,12,256,Tím,Điện thoại,15890000,20090000.0,20
356739,Xiaomi,Điện thoại Xiaomi 15T Pro 5G,Điện thoại Xiaomi 15T Pro 5G 12GB/512GB,12,512,Đen,Điện thoại,16990000,19490000.0,12
367004,Xiaomi,Điện thoại Xiaomi 17T Pro 5G,Điện thoại Xiaomi 17T Pro 5G 12GB/256GB,12,256,Đen,Điện thoại,18310000,23990000.0,23
334864,iPhone (Apple),Điện thoại iPhone 16e,Điện thoại iPhone 16e 128GB,,128,Trắng,Điện thoại,16990000,16990000.0,0
342692,iPhone (Apple),Điện thoại iPhone 17e,Điện thoại iPhone 17e 256GB,,256,Đen,Điện thoại,17590000,17990000.0,2
281570,iPhone (Apple),Điện thoại iPhone 15,Điện thoại iPhone 15 128GB,,128,Xanh dương nhạt,Điện thoại,18990000,18990000.0,0
329135,iPhone (Apple),Điện thoại iPhone 16,Điện thoại iPhone 16 128GB,,128,Xanh Lưu Ly,Điện thoại,20990000,21990000.0,4
342670,iPhone (Apple),Điện thoại iPhone Air,Điện thoại iPhone Air 256GB,,256,Vàng Nhạt,Điện thoại,22990000,31990000.0,28
342667,iPhone (Apple),Điện thoại iPhone 17,Điện thoại iPhone 17 256GB,,256,Xanh Lá Xô Thơm,Điện thoại,24590000,24990000.0,1
329138,iPhone (Apple),Điện thoại iPhone 16 Plus,Điện thoại iPhone 16 Plus 128GB,,128,Xanh Lưu Ly,Điện thoại,24990000,25990000.0,3
342676,iPhone (Apple),Điện thoại iPhone 17 Pro,Điện thoại iPhone 17 Pro 256GB,,256,Cam Vũ Trụ,Điện thoại,31990000,34990000.0,8
342679,iPhone (Apple),Điện thoại iPhone 17 Pro Max,Điện thoại iPhone 17 Pro Max 256GB,,256,Cam Vũ Trụ,Điện thoại,34590000,37990000.0,8
363437,realme,Điện thoại realme Note 80,Điện thoại realme Note 80 4GB/64GB,4,64,Đen,Điện thoại,4490000,4690000.0,4
366829,realme,Điện thoại realme C100i,Điện thoại realme C100i 4GB/64GB,4,64,Xám,Điện thoại,5090000,5290000.0,3
360344,realme,Điện thoại realme C85,Điện thoại realme C85 8GB/128GB,8,128,Xanh dương nhạt,Điện thoại,6090000,6290000.0,3
367427,realme,Điện thoại realme C100x,Điện thoại realme C100x 4GB/128GB,4,128,Xanh,Điện thoại,6790000,6990000.0,0
357832,realme,Điện thoại realme C85 Pro,Điện thoại realme C85 Pro 8GB/128GB,8,128,Tím,Điện thoại,6790000,6990000.0,0
362760,realme,Điện thoại realme C85 5G,Điện thoại realme C85 5G 8GB/128GB,8,128,Xanh,Điện thoại,7690000,8090000.0,4
343063,realme,Điện thoại realme 15T 5G,Điện thoại realme 15T 5G 8GB/256GB,8,256,Bạc,Điện thoại,8140000,8990000.0,9
364187,realme,Điện thoại realme C100 4G,Điện thoại realme C100 4G 8GB/128GB,8,128,Tím,Điện thoại,8290000,8790000.0,5
336623,realme,Điện thoại realme 14 5G,Điện thoại realme 14 5G 12GB/256GB,12,256,Xám,Điện thoại,9000000,10300000.0,12
367499,realme,Điện thoại realme 16T 5G,Điện thoại realme 16T 5G 8GB/128GB,8,128,Xanh,Điện thoại,9990000,10290000.0,0
343066,realme,Điện thoại realme 15 5G,Điện thoại realme 15 5G 12GB/256GB,12,256,Hồng,Điện thoại,9990000,11490000.0,13
361703,realme,Điện thoại realme 16 5G,Điện thoại realme 16 5G 8GB/256GB,8,256,Trắng,Điện thoại,10160000,11490000.0,11
343067,realme,Điện thoại realme 15 Pro 5G,Điện thoại realme 15 Pro 5G 12GB/256GB,12,256,Bạc,Điện thoại,11490000,14990000.0,23
363438,realme,Điện thoại realme P4 Power 5G,Điện thoại realme P4 Power 5G 12GB/256GB,12,256,Cam,Điện thoại,13990000,15990000.0,12
361707,realme,Điện thoại realme 16 Pro 5G,Điện thoại realme 16 Pro 5G 12GB/256GB,12,256,Tím,Điện thoại,14090000,14490000.0,0
370492,vivo,Điện thoại vivo Y05e,Điện thoại vivo Y05e 4GB/64GB,4,64,Xanh,Điện thoại,4490000,4490000.0,0
365875,vivo,Điện thoại vivo Y05,Điện thoại vivo Y05 4GB/64GB,4,64,Đen,Điện thoại,4890000,4990000.0,0
358669,vivo,Điện thoại vivo Y21d,Điện thoại vivo Y21d 6GB/128GB,6,128,Tím,Điện thoại,6260000,6290000.0,0
365878,vivo,Điện thoại Vivo Y11d,Điện thoại Vivo Y11d 4GB/128GB,4,128,Đen,Điện thoại,6490000,6790000.0,4
339180,vivo,Điện thoại vivo Y39 5G,Điện thoại vivo Y39 5G 8GB/128GB,8,128,Tím,Điện thoại,6980000,7360000.0,5
360671,vivo,Điện thoại vivo Y31d,Điện thoại vivo Y31d 6GB/128GB,6,128,Trắng,Điện thoại,7910000,8990000.0,12
336408,vivo,Điện thoại vivo V50 Lite 5G,Điện thoại vivo V50 Lite 5G 8GB/256GB,8,256,Vàng,Điện thoại,8810000,9810000.0,10
357576,vivo,Điện thoại vivo V60 Lite 5G,Điện thoại vivo V60 Lite 5G 8GB/256GB,8,256,Xanh Dương,Điện thoại,9980000,10490000.0,4
363466,vivo,Điện thoại Vivo V70 FE 5G,Điện thoại Vivo V70 FE 5G 8GB/256GB,8,256,Tím,Điện thoại,13490000,13990000.0,3
341625,vivo,Điện thoại vivo V60 5G,Điện thoại vivo V60 5G 12GB/256GB,12,256,Xám,Điện thoại,15390000,15990000.0,3
363464,vivo,Điện thoại Vivo V70 5G,Điện thoại Vivo V70 5G 8GB/256GB,8,256,Vàng Hồng,Điện thoại,17990000,17990000.0,0
357862,vivo,Điện thoại vivo X300 Pro 5G,Điện thoại vivo X300 Pro 5G 16GB/512GB,16,512,Đen,Điện thoại,31490000,34990000.0,10
363408,vivo,Điện thoại Vivo X300 Ultra,Điện thoại Vivo X300 Ultra 16GB/512GB,16,512,Xanh lá,Điện thoại,41490000,49990000.0,17
